Comments,,,,,Users,,,,,,,,Favorites,,,Videos,,,,
,,,,,,,,,,,,,,,,,,,,
comment_id,video_id,user_id,comment,,user_id,username,email,bio,followers,following,,,user_id,video_id,,video_id,user_id,caption,likes,views
1,1,2,Tum humesha aise hi bhaagne waale the ya aaj koi special occasion hai?,,1,akshay_kumar,akshay_kumar@gmail.com,Actor,5000000,50,,,2,1,,1,1,Khiladiyon ka khiladi,10000,1000000
2,1,3,Love the movie!,,2,deepikapadukone,deepikapadukone@gmail.com,Actress,10000000,100,,,10,1,,2,2,Chennai Express,5000,500000
3,2,4,Bohot samay baad ek acha gaana sunne ko mila.,,3,hrithikroshan,hrithikroshan@gmail.com,Actor,2000000,20,,,3,2,,3,3,Koi Mil Gaya,20000,2000000
5,3,5,"Hrithik bhai, aapke dance moves toh mere dil mein bas gaye hai! Aap toh dancing ka Baap nikle!",,4,govinda,govinda@gmail.com,Actor,100000,10,,,1,3,,4,4,Hero No. 1,1000,100000
6,3,7,I love the music in this movie,,5,madhuridixit,madhuridixit@gmail.com,Actress,500000,50,,,11,3,,5,5,Hum Aapke Hain Koun,5000,500000
7,4,1,"Govinda, you are hilarious!",,6,iamsrk,iamsrk@gmail.com,Actor,3000000,30,,,5,4,,6,6,Dilwale,7000,700000
8,5,2,"Madhuri, you are a timeless beauty",,7,tigerjackieshroff,tigerjackieshroff@gmail.com,Actor,1500000,15,,,4,5,,7,7,Baaghi 3,8000,800000
9,5,3,This is one of my favorite movies!,,8,raveenatandon,raveenatandon@gmail.com,Actress,50000,5,,,6,6,,8,1,Hera Pheri,30000,3000000
10,6,4,"Shahrukh, you are the king of Bollywood!",,9,sunilshetty,sunilshetty@gmail.com,Actor,100000,10,,,11,6,,9,2,Padmaavat,4000,400000
11,7,5,"Tiger, Chote bache ho kya",,10,himeshreshammiya,himeshreshammiya@gmail.com,Singer,5000,50,,,1,7,,10,3,War,9000,900000
12,7,6,I love the action scenes in this movie,,11,shreyaghoshal,shreyaghoshal@gmail.com,Singer,10000,100,,,4,8,,11,4,Aankhen,2000,200000
13,8,7,One of the funniest movies ever!,,,,,,,,,,8,9,,12,5,Dil To Pagal Hai,6000,600000
14,9,1,"Sunil, dilwale to bahut dekhe hai, par jo pyaar mei pagal ho jaaye aise dilwale ko pehli baar dekha",,,,,,,,,,2,10,,,,,,
15,10,2,"Himesh, Toip utar kar naach!",,,,,,,,,,7,11,,,,,,
16,11,3,"Shreya, your voice is magical!",,,,,,,,,,9,12,,,,,,
