user_id,username,email,bio,followers,following
1,akshay_kumar,akshay_kumar@gmail.com,Actor,5000000,50
2,deepikapadukone,deepikapadukone@gmail.com,Actress,10000000,100
3,hrithikroshan,hrithikroshan@gmail.com,Actor,2000000,20
4,govinda,govinda@gmail.com,Actor,100000,10
5,madhuridixit,madhuridixit@gmail.com,Actress,500000,50
6,iamsrk,iamsrk@gmail.com,Actor,3000000,30
7,tigerjackieshroff,tigerjackieshroff@gmail.com,Actor,1500000,15
8,raveenatandon,raveenatandon@gmail.com,Actress,50000,5
9,sunilshetty,sunilshetty@gmail.com,Actor,100000,10
10,himeshreshammiya,himeshreshammiya@gmail.com,Singer,5000,50
11,shreyaghoshal,shreyaghoshal@gmail.com,Singer,10000,100
